      20,   0.021547,   0.491180,  -0.854972
      36,   0.028871,   0.493377,  -0.859855
      52,   0.034487,   0.489959,  -0.855094
      67,   0.033999,   0.492645,  -0.861564
      83,   0.030336,   0.498627,  -0.874138
      98,   0.028993,   0.493133,  -0.876824
     114,   0.030703,   0.499481,  -0.889764
     130,   0.028139,   0.496429,  -0.887933
     145,   0.030581,   0.483001,  -0.873649
     161,   0.027895,   0.480803,  -0.872185
     177,   0.030336,   0.469450,  -0.866203
     192,   0.031191,   0.489227,  -0.884148
     209,   0.027895,   0.535128,  -0.850943
     223,   0.028017,   0.556369,  -0.835439
     240,   0.028139,   0.559788,  -0.843374
     255,   0.027406,   0.544894,  -0.836172
     270,   0.025087,   0.527193,  -0.860709
     286,   0.028017,   0.505951,  -0.859122
     302,   0.027284,   0.503388,  -0.866203
     317,   0.026430,   0.480193,  -0.864372
     333,   0.030092,   0.478972,  -0.878655
     350,   0.028749,   0.478484,  -0.873283
     364,   0.027895,   0.496063,  -0.866813
     380,   0.030092,   0.513276,  -0.857657
     396,   0.029482,   0.519014,  -0.857413
     411,   0.029238,   0.525362,  -0.848013
     427,   0.029604,   0.531832,  -0.847891
     442,   0.029970,   0.521699,  -0.853263
     458,   0.027651,   0.517305,  -0.854117
     473,   0.027895,   0.524629,  -0.853629
     490,   0.028749,   0.521821,  -0.854361
     505,   0.029604,   0.514985,  -0.856314
     520,   0.029970,   0.506562,  -0.860587
     536,   0.032412,   0.499969,  -0.861930
     552,   0.030092,   0.499725,  -0.867301
     567,   0.023134,   0.491180,  -0.869865
     583,   0.028993,   0.477019,  -0.877434
     598,   0.028261,   0.499359,  -0.869621
     614,   0.030458,   0.494842,  -0.872063
     630,   0.032167,   0.499359,  -0.865592
     645,   0.030581,   0.517427,  -0.857657
     677,   0.031191,   0.509492,  -0.855460
     692,   0.030581,   0.514497,  -0.857535
     708,   0.031923,   0.523408,  -0.852652
     724,   0.029482,   0.517793,  -0.854361
     739,   0.031191,   0.515351,  -0.858756
     755,   0.027529,   0.499847,  -0.867912
     770,   0.029116,   0.485808,  -0.869987
     786,   0.027895,   0.491668,  -0.875114
     802,   0.028871,   0.500092,  -0.864250
     817,   0.033754,   0.520478,  -0.855582
     833,   0.028505,   0.521821,  -0.854361
     849,   0.028749,   0.492157,  -0.870964
     864,   0.029726,   0.497650,  -0.864860
     880,   0.032534,   0.513276,  -0.860221
     895,   0.028871,   0.521089,  -0.855826
     911,   0.028139,   0.521577,  -0.857779
     927,   0.025575,   0.522188,  -0.855216
     942,   0.030336,   0.525362,  -0.849234
     958,   0.032778,   0.525118,  -0.844839
     974,   0.029848,   0.510590,  -0.858390
     989,   0.028627,   0.491424,  -0.870598
    1005,   0.027040,   0.491912,  -0.870475
    1020,   0.027895,   0.487273,  -0.868034
    1036,   0.031801,   0.494598,  -0.868888
    1052,   0.031435,   0.499847,  -0.862540
    1067,   0.029482,   0.511323,  -0.858390
    1083,   0.028871,   0.514253,  -0.855704
    1099,   0.028017,   0.513764,  -0.858634
    1114,   0.031069,   0.514253,  -0.857901
    1130,   0.029360,   0.518647,  -0.859244
    1146,   0.031679,   0.519502,  -0.851553
    1161,   0.033022,   0.507905,  -0.859733
    1177,   0.026064,   0.504120,  -0.863395
    1192,   0.027895,   0.496185,  -0.862296
    1208,   0.028139,   0.517427,  -0.859244
    1224,   0.030092,   0.517793,  -0.853995
    1239,   0.026918,   0.523286,  -0.853507
    1255,   0.024232,   0.499359,  -0.864005
    1270,   0.026430,   0.489471,  -0.868156
    1286,   0.025209,   0.496551,  -0.868034
    1302,   0.031801,   0.508637,  -0.862662
    1318,   0.028505,   0.510224,  -0.860831
    1333,   0.034609,   0.509492,  -0.854361
    1349,   0.031069,   0.521089,  -0.853873
    1364,   0.033877,   0.518281,  -0.854361
    1380,   0.034487,   0.514863,  -0.854361
    1396,   0.029238,   0.518159,  -0.857779
    1411,   0.026674,   0.511567,  -0.860465
    1427,   0.029970,   0.499725,  -0.867057
    1442,   0.031801,   0.499359,  -0.863639
    1458,   0.030336,   0.509003,  -0.858878
    1474,   0.030214,   0.513154,  -0.856314
    1489,   0.031313,   0.503754,  -0.857413
    1505,   0.031191,   0.512788,  -0.859366
    1521,   0.029238,   0.514130,  -0.856314
    1536,   0.030581,   0.519014,  -0.858756
    1552,   0.028139,   0.508271,  -0.858390
    1567,   0.030336,   0.510346,  -0.861442
    1583,   0.032534,   0.515718,  -0.853507
    1599,   0.029848,   0.520845,  -0.856070
    1614,   0.031679,   0.514619,  -0.859855
    1630,   0.032656,   0.511079,  -0.856925
    1646,   0.030092,   0.511933,  -0.859855
    1661,   0.029116,   0.506073,  -0.861686
    1677,   0.028749,   0.507416,  -0.864372
    1692,   0.028749,   0.506317,  -0.859366
    1708,   0.031069,   0.499481,  -0.869987
    1724,   0.028383,   0.498138,  -0.866813
    1739,   0.028139,   0.513398,  -0.857535
    1755,   0.034853,   0.522066,  -0.854361
    1770,   0.033388,   0.519258,  -0.855216
    1786,   0.027406,   0.523897,  -0.851065
    1802,   0.030947,   0.521089,  -0.852530
    1817,   0.028383,   0.509369,  -0.860953
    1833,   0.031679,   0.497406,  -0.862174
    1849,   0.028017,   0.500946,  -0.865714
    1864,   0.033266,   0.509858,  -0.858634
    1880,   0.031435,   0.517915,  -0.857535
    1895,   0.028261,   0.511689,  -0.856192
    1911,   0.031679,   0.505951,  -0.863517
    1927,   0.030703,   0.511445,  -0.857291
    1942,   0.029238,   0.506195,  -0.865959
    1958,   0.028017,   0.508637,  -0.862785
    1974,   0.034243,   0.501801,  -0.859611
    1989,   0.031435,   0.510346,  -0.860587
    2005,   0.032290,   0.509247,  -0.858024
    2020,   0.029360,   0.511323,  -0.859611
    2036,   0.025697,   0.514253,  -0.859488
    2052,   0.025331,   0.510712,  -0.862052
    2067,   0.029116,   0.508393,  -0.859855
    2084,   0.028993,   0.509125,  -0.860831
    2099,   0.030581,   0.513642,  -0.858512
    2114,   0.028383,   0.510224,  -0.859488
    2130,   0.030581,   0.502167,  -0.864860
    2145,   0.028505,   0.507050,  -0.861808
    2161,   0.028505,   0.507172,  -0.856803
    2177,   0.030092,   0.508027,  -0.862418
    2192,   0.028505,   0.511323,  -0.856437
    2210,   0.027895,   0.510834,  -0.858512
    2224,   0.030336,   0.513642,  -0.860831
    2239,   0.030336,   0.510834,  -0.860465
    2255,   0.029238,   0.513154,  -0.858146
    2270,   0.028261,   0.506684,  -0.859000
    2286,   0.028749,   0.500702,  -0.862418
    2302,   0.031679,   0.517305,  -0.858146
    2317,   0.030703,   0.510590,  -0.855338
    2333,   0.025697,   0.497528,  -0.870842
    2350,   0.031069,   0.497040,  -0.862174
    2364,   0.029848,   0.507294,  -0.867057
    2380,   0.028871,   0.527803,  -0.844961
    2396,   0.028993,   0.523775,  -0.853018
    2411,   0.031923,   0.513886,  -0.857535
    2427,   0.030581,   0.510102,  -0.857535
    2442,   0.028261,   0.507416,  -0.858268
    2458,   0.029970,   0.513520,  -0.865592
    2474,   0.031801,   0.504120,  -0.861320
    2489,   0.031191,   0.501557,  -0.866447
    2505,   0.028871,   0.510957,  -0.863395
    2521,   0.030581,   0.517305,  -0.859000
    2536,   0.028139,   0.514253,  -0.856192
    2552,   0.031923,   0.517671,  -0.858634
    2567,   0.027651,   0.513398,  -0.858268
    2583,   0.030458,   0.512055,  -0.855582
    2599,   0.031557,   0.515229,  -0.852774
    2615,   0.031313,   0.510346,  -0.860587
    2630,   0.030825,   0.507660,  -0.863029
    2646,   0.028261,   0.511811,  -0.867179
    2661,   0.028993,   0.500580,  -0.862662
    2677,   0.031191,   0.494354,  -0.866203
    2693,   0.027895,   0.497772,  -0.867301
    2708,   0.028505,   0.493988,  -0.868278
    2724,   0.030092,   0.506562,  -0.860709
    2739,   0.027284,   0.505829,  -0.866325
    2755,   0.030458,   0.512543,  -0.857901
    2771,   0.027773,   0.518647,  -0.854972
    2786,   0.030336,   0.511201,  -0.859000
    2802,   0.028627,   0.509247,  -0.863517
    2817,   0.028383,   0.506073,  -0.864127
    2833,   0.027162,   0.507416,  -0.861564
    2849,   0.031801,   0.514253,  -0.856314
    2864,   0.029116,   0.510957,  -0.860099
    2880,   0.027406,   0.507294,  -0.864250
    2896,   0.029970,   0.498260,  -0.869255
    2911,   0.031313,   0.501068,  -0.863517
    2927,   0.030458,   0.499725,  -0.868278
    2942,   0.028627,   0.502167,  -0.859977
    2958,   0.031801,   0.510712,  -0.860831
    2974,   0.026552,   0.513886,  -0.860831
    2989,   0.029116,   0.518037,  -0.851065
    3005,   0.030947,   0.515473,  -0.858024
    3021,   0.031191,   0.517182,  -0.856314
    3036,   0.032534,   0.521089,  -0.857413
    3052,   0.030703,   0.518892,  -0.856681
    3068,   0.027284,   0.517060,  -0.855582
    3083,   0.028261,   0.496917,  -0.868522
    3099,   0.028993,   0.487640,  -0.868156
    3114,   0.030214,   0.498749,  -0.860709
    3130,   0.032045,   0.506195,  -0.870109
    3146,   0.028627,   0.495086,  -0.866081
    3161,   0.028749,   0.504730,  -0.861808
    3177,   0.031801,   0.502899,  -0.864005
    3192,   0.033388,   0.502045,  -0.860221
    3208,   0.028017,   0.496795,  -0.866447
    3224,   0.031435,   0.502777,  -0.865714
    3239,   0.030458,   0.501801,  -0.859244
    3255,   0.032045,   0.500824,  -0.865592
    3271,   0.030581,   0.497284,  -0.871940
    3286,   0.032778,   0.495941,  -0.870964
    3302,   0.031679,   0.492523,  -0.864494
    3318,   0.031191,   0.488372,  -0.864372
    3333,   0.029970,   0.506195,  -0.865959
    3349,   0.028749,   0.514130,  -0.856192
    3364,   0.026064,   0.517793,  -0.858634
    3380,   0.025331,   0.513276,  -0.861686
    3396,   0.029848,   0.501557,  -0.865470
    3411,   0.028627,   0.498138,  -0.869987
    3427,   0.025819,   0.505585,  -0.860953
    3442,   0.030703,   0.513032,  -0.862418
    3458,   0.030458,   0.512788,  -0.858268
    3474,   0.031313,   0.496063,  -0.861320
    3489,   0.026064,   0.507294,  -0.864127
    3505,   0.026552,   0.505341,  -0.863761
    3521,   0.032045,   0.502167,  -0.864127
    3536,   0.028139,   0.507782,  -0.865348
    3552,   0.027406,   0.499359,  -0.865104
    3567,   0.030336,   0.492767,  -0.872063
    3583,   0.028871,   0.488006,  -0.868034
    3599,   0.032045,   0.502533,  -0.856559
    3614,   0.027895,   0.524385,  -0.853263
    3630,   0.031923,   0.520234,  -0.854117
    3646,   0.029482,   0.520601,  -0.857779
    3661,   0.029360,   0.513642,  -0.856803
    3677,   0.028749,   0.502533,  -0.863761
    3692,   0.031679,   0.496917,  -0.865348
    3708,   0.029604,   0.495941,  -0.864616
    3724,   0.030703,   0.497406,  -0.863395
    3739,   0.033999,   0.504486,  -0.860709
    3755,   0.029238,   0.502655,  -0.862540
    3771,   0.034243,   0.515962,  -0.855704
    3786,   0.028871,   0.516450,  -0.863029
    3802,   0.031923,   0.518525,  -0.855460
    3817,   0.030214,   0.512910,  -0.858756
    3833,   0.029848,   0.512055,  -0.865592
    3849,   0.029726,   0.504486,  -0.869865
    3864,   0.032045,   0.499969,  -0.862418
    3880,   0.030825,   0.498871,  -0.861930
    3896,   0.029726,   0.502533,  -0.861198
    3911,   0.033510,   0.508149,  -0.861686
    3927,   0.029604,   0.505707,  -0.863151
    3943,   0.025331,   0.507172,  -0.863883
    3958,   0.030458,   0.508515,  -0.861686
    3974,   0.027162,   0.510590,  -0.859733
    3989,   0.026796,   0.501801,  -0.863639
    4005,   0.030825,   0.498382,  -0.866325
    4021,   0.030092,   0.507050,  -0.862785
    4036,   0.029116,   0.516206,  -0.870353
    4052,   0.031557,   0.495819,  -0.861930
    4067,   0.032045,   0.496307,  -0.861686
    4083,   0.029360,   0.486785,  -0.861930
    4099,   0.026552,   0.500946,  -0.866081
    4114,   0.029604,   0.507294,  -0.862296
    4130,   0.027040,   0.519380,  -0.854605
    4146,   0.028993,   0.519258,  -0.863029
    4161,   0.027284,   0.509980,  -0.858878
    4177,   0.032045,   0.510102,  -0.855582
    4193,   0.030458,   0.516206,  -0.855216
    4218,   0.030947,   0.508271,  -0.857291
    4233,   0.029848,   0.499359,  -0.869743
    4248,   0.030336,   0.497772,  -0.864982
    4263,   0.027284,   0.502777,  -0.867301
    4279,   0.026918,   0.514008,  -0.853995
    4294,   0.026796,   0.520356,  -0.856314
    4310,   0.029238,   0.511933,  -0.858756
    4326,   0.030703,   0.506806,  -0.860831
    4341,   0.028505,   0.513642,  -0.858268
    4358,   0.030581,   0.507294,  -0.863883
    4372,   0.028871,   0.498993,  -0.868400
    4388,   0.029116,   0.498260,  -0.866203
    4404,   0.025087,   0.502899,  -0.867424
    4419,   0.028505,   0.508393,  -0.861198
    4435,   0.024110,   0.511201,  -0.863151
    4451,   0.027406,   0.506562,  -0.857535
    4466,   0.029238,   0.508393,  -0.861686
    4482,   0.026552,   0.506440,  -0.858146
    4497,   0.028627,   0.512055,  -0.861564
    4513,   0.027895,   0.504242,  -0.864250
    4529,   0.030214,   0.503998,  -0.865104
    4544,   0.029604,   0.492401,  -0.864127
    4560,   0.027895,   0.496673,  -0.869133
    4576,   0.025697,   0.497650,  -0.872429
    4591,   0.028017,   0.492645,  -0.869133
    4607,   0.029726,   0.485076,  -0.870475
    4622,   0.026552,   0.486785,  -0.870475
    4638,   0.029604,   0.502899,  -0.866203
    4654,   0.026430,   0.507905,  -0.861076
    4669,   0.033510,   0.516816,  -0.853140
    4685,   0.027895,   0.506928,  -0.854850
    4701,   0.028749,   0.513276,  -0.863273
    4716,   0.032290,   0.509614,  -0.862296
    4732,   0.026796,   0.502045,  -0.867301
    4748,   0.028993,   0.492034,  -0.867424
    4763,   0.031435,   0.501068,  -0.864250
    4779,   0.025941,   0.501434,  -0.865226
    4794,   0.032900,   0.496551,  -0.864127
    4810,   0.028749,   0.498749,  -0.862418
    4826,   0.026430,   0.504242,  -0.865592
    4841,   0.028993,   0.508027,  -0.862296
    4857,   0.028871,   0.514253,  -0.859611
    4873,   0.029848,   0.522432,  -0.855826
    4888,   0.030825,   0.504242,  -0.860953
    4904,   0.026918,   0.500092,  -0.868522
    4919,   0.027284,   0.492157,  -0.869987
    4935,   0.027895,   0.480803,  -0.874992
    4951,   0.029238,   0.482146,  -0.873283
    4966,   0.027284,   0.470183,  -0.880608
    4982,   0.028383,   0.492645,  -0.874382
    4997,   0.031679,   0.503266,  -0.860709
    5017,   0.029482,   0.517549,  -0.854117
    5029,   0.027895,   0.521821,  -0.848135
    5044,   0.030825,   0.529634,  -0.853140
    5060,   0.028993,   0.524019,  -0.851065
    5076,   0.024721,   0.503510,  -0.858146
    5091,   0.028871,   0.506317,  -0.864005
    5107,   0.025697,   0.511567,  -0.856803
    5123,   0.032900,   0.511445,  -0.859122
    5138,   0.031435,   0.506562,  -0.863639
    5154,   0.030703,   0.502777,  -0.862907
    5170,   0.026064,   0.504608,  -0.859000
    5185,   0.025697,   0.507050,  -0.860709
    5201,   0.029238,   0.509003,  -0.864860
    5218,   0.028993,   0.507538,  -0.865714
    5232,   0.029482,   0.513520,  -0.859977
    5248,   0.029238,   0.508271,  -0.862785
    5263,   0.030581,   0.501801,  -0.862418
    5280,   0.030825,   0.498138,  -0.864860
    5294,   0.027406,   0.503144,  -0.859611
    5310,   0.028871,   0.514497,  -0.855704
    5326,   0.028993,   0.518403,  -0.859977
    5341,   0.028017,   0.510590,  -0.860465
    5357,   0.028383,   0.502655,  -0.862785
    5373,   0.027651,   0.501312,  -0.863273
    5388,   0.029116,   0.499481,  -0.862296
    5404,   0.032656,   0.510957,  -0.859488
    5419,   0.028261,   0.505707,  -0.859122
    5435,   0.027895,   0.502655,  -0.863029
    5451,   0.028993,   0.487029,  -0.871818
    5466,   0.027406,   0.480193,  -0.874626
    5482,   0.026308,   0.503998,  -0.866691
    5498,   0.028627,   0.516816,  -0.863395
    5513,   0.027773,   0.518159,  -0.858390
    5529,   0.025453,   0.522554,  -0.856925
    5544,   0.032412,   0.510224,  -0.860709
    5560,   0.030214,   0.505341,  -0.867668
    5576,   0.029848,   0.500458,  -0.860465
    5591,   0.027895,   0.496185,  -0.861564
    5607,   0.028627,   0.489471,  -0.867546
    5623,   0.025941,   0.507050,  -0.862785
    5638,   0.025819,   0.517915,  -0.860343
    5654,   0.029360,   0.509369,  -0.861198
    5670,   0.025575,   0.508393,  -0.860343
    5685,   0.029482,   0.505463,  -0.864494
    5701,   0.028505,   0.506073,  -0.861564
    5716,   0.027040,   0.504120,  -0.861442
    5732,   0.028261,   0.501679,  -0.867912
    5748,   0.029604,   0.501190,  -0.868278
    5763,   0.028993,   0.498871,  -0.868156
    5779,   0.029726,   0.493988,  -0.865104
    5795,   0.029604,   0.501190,  -0.862418
    5811,   0.033999,   0.507538,  -0.862052
    5826,   0.032534,   0.500580,  -0.869255
    5841,   0.026918,   0.498749,  -0.868644
    5857,   0.025209,   0.498627,  -0.867179
    5873,   0.027162,   0.491302,  -0.865592
    5888,   0.027040,   0.496307,  -0.868034
    5904,   0.029848,   0.512543,  -0.861320
    5919,   0.030214,   0.512788,  -0.860465
    5935,   0.031923,   0.505341,  -0.861930
    5951,   0.031191,   0.481902,  -0.872307
    5966,   0.029116,   0.495331,  -0.868034
    5982,   0.029482,   0.506195,  -0.861686
    5998,   0.026796,   0.510590,  -0.864738
    6013,   0.029604,   0.510834,  -0.857047
    6029,   0.029726,   0.514375,  -0.856314
    6044,   0.027040,   0.514619,  -0.861320
    6060,   0.034853,   0.498260,  -0.863029
    6076,   0.031313,   0.496795,  -0.867301
    6091,   0.031679,   0.501190,  -0.868156
    6107,   0.028017,   0.500214,  -0.867790
    6123,   0.029726,   0.499481,  -0.864860
    6138,   0.030703,   0.505463,  -0.863883
    6154,   0.026186,   0.508515,  -0.862418
    6170,   0.029482,   0.509003,  -0.860831
    6185,   0.026918,   0.508393,  -0.863639
    6201,   0.031801,   0.508027,  -0.861808
    6218,   0.027529,   0.501801,  -0.860343
    6232,   0.031191,   0.501557,  -0.863029
    6248,   0.029116,   0.498749,  -0.867546
    6263,   0.027529,   0.492279,  -0.865959
    6279,   0.033266,   0.494476,  -0.867179
    6294,   0.032412,   0.493377,  -0.864494
    6310,   0.030947,   0.499359,  -0.861808
    6326,   0.030214,   0.501068,  -0.862418
    6342,   0.026308,   0.503510,  -0.865959
    6357,   0.029970,   0.506073,  -0.866813
    6374,   0.025575,   0.509125,  -0.861930
    6388,   0.029482,   0.506317,  -0.863273
    6404,   0.031313,   0.505463,  -0.861930
    6419,   0.028993,   0.502777,  -0.864616
    6435,   0.027773,   0.500824,  -0.868400
    6451,   0.031313,   0.509247,  -0.858024
    6466,   0.028139,   0.505463,  -0.867057
    6482,   0.030581,   0.508149,  -0.862418
    6498,   0.028261,   0.505707,  -0.861686
    6513,   0.031435,   0.504486,  -0.859244
    6529,   0.029604,   0.504853,  -0.865348
    6545,   0.030581,   0.504120,  -0.863883
    6560,   0.031069,   0.503021,  -0.864372
    6576,   0.030703,   0.498138,  -0.868766
    6591,   0.028017,   0.499847,  -0.862174
    6607,   0.028017,   0.498260,  -0.867424
    6623,   0.026552,   0.492034,  -0.867790
    6638,   0.027162,   0.502533,  -0.866935
    6654,   0.031923,   0.504853,  -0.863517
    6669,   0.029116,   0.496917,  -0.862296
    6685,   0.029238,   0.492157,  -0.870353
    6701,   0.030214,   0.483367,  -0.873039
    6716,   0.032167,   0.485076,  -0.877556
    6732,   0.029726,   0.487273,  -0.876701
    6748,   0.028261,   0.497894,  -0.869133
    6763,   0.030703,   0.499481,  -0.863883
    6779,   0.031191,   0.498993,  -0.864738
    6795,   0.031679,   0.494354,  -0.865714
    6810,   0.026186,   0.502045,  -0.869499
    6826,   0.032900,   0.508637,  -0.863883
    6841,   0.032290,   0.498993,  -0.863517
    6857,   0.031557,   0.504975,  -0.858024
    6873,   0.033632,   0.494232,  -0.868644
    6888,   0.026064,   0.495697,  -0.876946
    6904,   0.029238,   0.500702,  -0.865226
    6919,   0.031191,   0.497772,  -0.871086
    6935,   0.029116,   0.501312,  -0.863395
    6952,   0.031801,   0.503998,  -0.863395
    6966,   0.027895,   0.497162,  -0.871696
    6982,   0.027529,   0.499359,  -0.867790
    6998,   0.031801,   0.503754,  -0.871086
    7013,   0.028261,   0.500458,  -0.865714
    7029,   0.025941,   0.498505,  -0.864860
    7044,   0.034121,   0.498505,  -0.864616
    7060,   0.030947,   0.491424,  -0.861076
    7076,   0.024965,   0.490936,  -0.870231
    7091,   0.028993,   0.500336,  -0.867301
    7107,   0.028383,   0.507905,  -0.868766
    7123,   0.028993,   0.503754,  -0.865348
    7138,   0.028749,   0.497894,  -0.865226
    7154,   0.028749,   0.502899,  -0.864127
    7170,   0.025941,   0.498505,  -0.864616
    7185,   0.027895,   0.498138,  -0.869743
    7201,   0.030458,   0.495819,  -0.865226
    7218,   0.026918,   0.500824,  -0.867546
    7232,   0.031069,   0.495453,  -0.861564
    7248,   0.030581,   0.489593,  -0.871208
    7263,   0.027406,   0.503632,  -0.864616
    7279,   0.030703,   0.511933,  -0.866081
    7295,   0.028017,   0.503510,  -0.864005
    7310,   0.030947,   0.496429,  -0.871574
    7326,   0.026186,   0.501557,  -0.865959
    7341,   0.028017,   0.503998,  -0.866447
    7357,   0.027162,   0.504364,  -0.863273
    7373,   0.031435,   0.508759,  -0.863029
    7388,   0.027162,   0.511323,  -0.860099
    7405,   0.031313,   0.506928,  -0.862540
    7420,   0.029360,   0.510712,  -0.857535
    7435,   0.031557,   0.510102,  -0.854361
    7451,   0.026796,   0.497040,  -0.872429
    7467,   0.027040,   0.487273,  -0.873527
    7482,   0.027529,   0.485198,  -0.870842
    7498,   0.028871,   0.493744,  -0.868644
    7513,   0.028017,   0.502167,  -0.873283
    7529,   0.030947,   0.500946,  -0.864372
    7545,   0.031435,   0.510102,  -0.861930
    7560,   0.029848,   0.516084,  -0.855216
    7576,   0.033754,   0.500336,  -0.866691
    7591,   0.031679,   0.495697,  -0.869865
    7607,   0.026552,   0.493744,  -0.869865
    7623,   0.030703,   0.491912,  -0.864982
    7638,   0.032045,   0.501068,  -0.868888
    7654,   0.026918,   0.497528,  -0.867790
    7670,   0.033877,   0.493744,  -0.870109
    7685,   0.030581,   0.490325,  -0.865348
    7701,   0.032534,   0.490081,  -0.871574
    7716,   0.027529,   0.483489,  -0.869621
    7732,   0.030336,   0.482756,  -0.872063
    7748,   0.028139,   0.494110,  -0.868522
    7763,   0.029604,   0.493744,  -0.866813
    7779,   0.029360,   0.494354,  -0.868522
    7795,   0.027162,   0.502411,  -0.873527
    7810,   0.030336,   0.491668,  -0.870964
    7826,   0.034609,   0.479949,  -0.872673
    7842,   0.028383,   0.485564,  -0.871208
    7857,   0.029848,   0.498871,  -0.866935
    7873,   0.028505,   0.508637,  -0.857413
    7888,   0.028261,   0.518037,  -0.854972
    7904,   0.026308,   0.519136,  -0.860343
    7920,   0.026918,   0.515718,  -0.860221
    7936,   0.030336,   0.516084,  -0.856803
    7951,   0.030947,   0.514863,  -0.858268
    7966,   0.029970,   0.516084,  -0.856803
    7982,   0.027529,   0.511689,  -0.855216
    7998,   0.029360,   0.505829,  -0.863029
    8013,   0.033388,   0.489959,  -0.868400
    8029,   0.028139,   0.483611,  -0.873161
    8045,   0.029726,   0.481780,  -0.871452
    8060,   0.031069,   0.493011,  -0.870964
    8076,   0.025209,   0.499359,  -0.871208
    8091,   0.028383,   0.505219,  -0.866813
    8107,   0.029970,   0.510224,  -0.856803
    8123,   0.028261,   0.501923,  -0.863517
    8138,   0.028261,   0.498627,  -0.868522
    8154,   0.032778,   0.495941,  -0.862785
    8170,   0.032290,   0.492401,  -0.865959
    8185,   0.032534,   0.495209,  -0.870475
    8201,   0.025453,   0.505097,  -0.866691
    8218,   0.031435,   0.499237,  -0.866691
    8232,   0.030214,   0.505829,  -0.862907
    8248,   0.028749,   0.512543,  -0.861930
    8263,   0.029116,   0.498505,  -0.862662
    8279,   0.030092,   0.500092,  -0.863029
    8295,   0.029360,   0.511567,  -0.857901
    8310,   0.034975,   0.527925,  -0.848868
    8326,   0.028261,   0.528536,  -0.851920
    8342,   0.026918,   0.518647,  -0.858390
    8357,   0.028871,   0.512177,  -0.862418
    8373,   0.024721,   0.518403,  -0.854361
    8390,   0.028383,   0.514497,  -0.855094
    8404,   0.025941,   0.517182,  -0.855338
    8420,   0.028871,   0.514985,  -0.856070
    8435,   0.026308,   0.510957,  -0.863883
    8451,   0.031191,   0.504853,  -0.858024
    8467,   0.026552,   0.506195,  -0.863639
    8482,   0.029726,   0.518647,  -0.855094
    8498,   0.032045,   0.510834,  -0.855582
    8513,   0.028017,   0.509125,  -0.861198
    8529,   0.028505,   0.504242,  -0.862662
    8545,   0.029116,   0.519258,  -0.858268
    8560,   0.029360,   0.533053,  -0.845450
    8576,   0.034731,   0.526705,  -0.855216
    8591,   0.026674,   0.550266,  -0.841787
    8607,   0.025331,   0.461271,  -0.892816
    8623,   0.031069,   0.420619,  -0.899286
    8638,   0.030458,   0.494842,  -0.868156
    8654,   0.018861,   0.497894,  -0.871574
    8670,   0.025331,   0.514863,  -0.855704
    8685,   0.029360,   0.521211,  -0.855216
    8701,   0.039614,   0.524629,  -0.852286
    8716,   0.032045,   0.534640,  -0.849112
    8732,   0.027895,   0.534151,  -0.847281
    8748,   0.032534,   0.529878,  -0.844595
    8763,   0.043887,   0.529512,  -0.851676
    8779,   0.032656,   0.513520,  -0.861686
    8795,   0.032656,   0.494110,  -0.868644
    8810,   0.030214,   0.505219,  -0.863273
    8826,   0.032900,   0.519258,  -0.849844
    8842,   0.031801,   0.529024,  -0.852164
    8857,   0.026308,   0.523408,  -0.853385
    8873,   0.028627,   0.533297,  -0.848990
    8888,   0.029360,   0.528536,  -0.846182
    8904,   0.029116,   0.523897,  -0.857169
    8920,   0.028139,   0.521577,  -0.856925
    8935,   0.029848,   0.474944,  -0.870720
    8951,   0.028993,   0.462614,  -0.886956
    8966,   0.030947,   0.468718,  -0.881585
    8982,   0.031557,   0.485320,  -0.873772
    8998,   0.025697,   0.479827,  -0.874138
    9013,   0.027895,   0.479338,  -0.877312
    9029,   0.031923,   0.489471,  -0.865104
    9045,   0.033999,   0.489715,  -0.864127
    9060,   0.026674,   0.494842,  -0.865470
    9076,   0.028627,   0.502533,  -0.865226
    9092,   0.018251,   0.506317,  -0.864250
    9107,  -0.012269,   0.513032,  -0.862174
    9123,  -0.002747,   0.517671,  -0.858268
    9138,  -0.001648,   0.514253,  -0.859366
    9154,   0.048648,   0.515229,  -0.855216
    9170,   0.039492,   0.517793,  -0.857169
    9185,   0.008606,   0.505219,  -0.862662
    9201,   0.001648,   0.530367,  -0.847159
    9218,   0.083440,   0.516450,  -0.809559
    9232,   0.125557,   0.374718,  -0.874260
    9248,  -0.014832,   0.516694,  -0.840078
    9263,  -0.000794,   0.538424,  -0.851309
    9279,   0.050235,   0.502167,  -0.857779
    9295,   0.032412,   0.596289,  -0.816517
    9310,   0.005555,   0.615089,  -0.823842
    9326,  -0.061832,   0.600806,  -0.824452
    9342,  -0.107978,   0.481536,  -0.928951
    9357,   0.061222,   0.223952,  -0.988891
    9373,   0.428676,   0.130806,  -1.125130
    9389,   0.221876,  -0.036196,  -1.015626
    9404,   0.107612,   0.141915,  -1.047610
    9420,   0.104804,  -0.250443,  -1.087774
    9435,   0.229323,   0.164134,  -1.158335
    9451,   0.315144,   0.017396,  -0.960691
    9467,   0.279497,   0.250809,  -1.063236
    9482,   0.310383,   0.003845,  -0.927730
    9498,   0.249344,   0.029238,  -0.805896
    9513,   0.216383,   0.220900,  -0.912714
    9530,   0.200391,   0.381188,  -0.978270
    9545,   0.259232,   0.137643,  -1.055790
    9560,   0.193066,   0.275468,  -1.024782
    9576,   0.253372,   0.075139,  -0.990844
    9592,   0.229079,   0.353476,  -1.076177
    9607,   0.316487,   0.152780,  -1.004029
    9623,   0.346396,   0.114570,  -1.020143
    9638,   0.410853,  -0.046084,  -1.186046
    9654,   0.287676,   0.041567,  -0.740585
    9670,   0.283526,   0.160105,  -0.814198
    9685,   0.298297,   0.231643,  -0.888543
    9701,   0.233352,   0.489471,  -0.927730
    9717,   0.271440,   0.448941,  -0.936764
    9732,   0.382042,   0.499725,  -0.637063
    9748,   0.304401,   0.042178,  -1.057254
    9763,   0.106757,   0.107001,  -1.051517
    9779,  -0.016542,   0.026674,  -0.953000
    9795,   0.128243,  -0.123115,  -1.061771
    9810,   0.270097,  -0.184521,  -1.209607
    9826,   0.221510,  -0.012757,  -1.152231
    9842,  -0.016664,  -0.091986,  -1.005249
    9857,   0.067570,   0.005188,  -0.985351
    9873,   0.064884,   0.063542,  -0.969114
    9888,   0.053409,   0.086980,  -0.959348
    9904,   0.008729,   0.108222,  -0.951413
    9920,  -0.043399,   0.100409,  -0.990112
    9935,  -0.040225,   0.078557,  -0.926143
    9951,  -0.027406,   0.010316,  -0.997803
    9967,  -0.007752,  -0.005188,  -1.000977
    9982,   0.024599,   0.014832,  -1.004395
    9998,   0.039858,   0.038516,  -0.967771
   10013,   0.025453,   0.043032,  -0.985229
   10030,   0.002625,   0.027651,  -1.009888
   10045,   0.037661,   0.051578,  -0.982177
   10061,   0.049502,   0.091741,  -0.978026
   10076,   0.065983,   0.104682,  -0.981200
   10092,   0.023744,   0.106269,  -0.983275
   10107,   0.023622,   0.096991,  -0.979247
   10123,  -0.022523,   0.114814,  -0.983275
   10138,   0.029604,   0.178417,  -0.958127
   10154,   0.042788,   0.202466,  -0.950192
   10170,   0.025575,   0.212965,  -0.952268
   10185,   0.044375,   0.194897,  -0.957273
   10201,   0.044864,   0.193310,  -0.964842
   10218,   0.008240,   0.169505,  -0.990844
   10232,   0.062199,   0.168040,  -0.967039
   10248,   0.065739,   0.174144,  -0.994629
   10263,   0.044131,   0.136544,  -0.986449
   10279,   0.030214,   0.108832,  -0.999268
   10295,   0.035708,   0.098944,  -0.969114
   10310,   0.021913,   0.122627,  -1.002808
   10326,   0.020326,   0.122383,  -1.006104
   10342,   0.037295,   0.144113,  -0.969847
   10357,   0.031923,   0.138009,  -0.977538
   10373,   0.047305,   0.135323,  -1.001221
   10388,   0.028871,   0.141183,  -0.990356
   10406,   0.029726,   0.144113,  -0.967649
   10420,   0.030947,   0.156076,  -0.984252
   10436,   0.030458,   0.146066,  -0.991455
   10451,   0.029848,   0.189282,  -0.974364
   10467,   0.009339,   0.209424,  -0.950314
   10482,   0.028993,   0.217359,  -0.960447
   10498,   0.024965,   0.240920,  -0.942135
   10513,   0.021791,   0.240554,  -0.933468
   10529,   0.031191,   0.217481,  -0.993286
   10545,   0.034243,   0.161814,  -0.986571
   10560,   0.018495,   0.158518,  -0.960569
   10576,   0.026918,   0.204663,  -0.961057
   10592,   0.033022,   0.185863,  -0.969236
   10607,   0.024599,   0.184643,  -0.984496
   10623,   0.025453,   0.181591,  -0.954831
   10639,   0.029726,   0.192089,  -0.970457
   10654,   0.025453,   0.200757,  -0.975462
   10670,   0.026918,   0.178172,  -0.968382
   10685,   0.031069,   0.173778,  -0.988525
   10701,   0.028627,   0.187572,  -0.969481
   10717,   0.028627,   0.217237,  -0.966795
   10732,   0.033388,   0.227980,  -0.962400
   10748,   0.032900,   0.229079,  -0.966429
   10763,   0.030458,   0.216871,  -0.967894
   10779,   0.024721,   0.207349,  -0.963255
   10795,   0.026552,   0.193676,  -0.970091
   10810,   0.025941,   0.192700,  -0.978392
   10826,   0.028627,   0.190380,  -0.974608
   10842,   0.032167,   0.198193,  -0.982177
   10857,   0.030947,   0.209669,  -0.968992
   10873,   0.029238,   0.206739,  -0.963499
   10888,   0.023988,   0.211744,  -0.981322
   10904,   0.027406,   0.187328,  -0.957761
   10920,   0.027895,   0.183666,  -0.979735
   10936,   0.031557,   0.202710,  -0.965208
   10951,   0.026186,   0.207227,  -0.962766
   10967,   0.028749,   0.208692,  -0.968626
   10982,   0.028627,   0.210279,  -0.977049
   10998,   0.032167,   0.199414,  -0.969359
   11013,   0.033999,   0.214674,  -0.968992
   11029,   0.030581,   0.214430,  -0.969236
   11045,   0.026918,   0.197949,  -0.966795
   11060,   0.030092,   0.189648,  -0.985961
   11076,   0.028139,   0.210645,  -0.960569
   11092,   0.026430,   0.224196,  -0.965818
   11107,   0.030825,   0.228346,  -0.963377
   11124,   0.029848,   0.205152,  -0.961790
   11138,   0.033022,   0.209424,  -0.978758
   11154,   0.027406,   0.211133,  -0.961912
   11170,   0.028993,   0.227248,  -0.960325
   11185,   0.031313,   0.208082,  -0.964964
   11201,   0.030092,   0.187084,  -0.974852
   11218,   0.029726,   0.180370,  -0.983519
   11232,   0.030703,   0.190258,  -0.977538
   11248,   0.030581,   0.207715,  -0.967894
   11263,   0.034853,   0.216993,  -0.971678
   11279,   0.025087,   0.219923,  -0.960813
   11295,   0.028505,   0.213087,  -0.966062
   11311,   0.028383,   0.216139,  -0.964109
   11326,   0.033999,   0.210889,  -0.967771
   11342,   0.026918,   0.219313,  -0.962766
   11357,   0.029848,   0.228469,  -0.963255
   11373,   0.026186,   0.230422,  -0.955320
   11388,   0.028627,   0.211011,  -0.978758
   11404,   0.028261,   0.199902,  -0.973509
   11420,   0.028261,   0.200879,  -0.969114
   11436,   0.028017,   0.225417,  -0.959592
   11451,   0.028627,   0.238723,  -0.966184
   11467,   0.032778,   0.232741,  -0.963499
   11482,   0.030214,   0.226637,  -0.962644
   11498,   0.026918,   0.216627,  -0.965208
   11513,   0.030703,   0.206617,  -0.970579
   11529,   0.027651,   0.214185,  -0.964109
   11545,   0.030947,   0.224074,  -0.966307
   11561,   0.029970,   0.216505,  -0.963621
   11576,   0.028871,   0.210279,  -0.968138
   11592,   0.033266,   0.211256,  -0.974730
   11607,   0.033510,   0.211133,  -0.976195
   11623,   0.026674,   0.207959,  -0.966184
   11639,   0.030214,   0.214063,  -0.968138
   11655,   0.029482,   0.212843,  -0.964720
   11670,   0.030458,   0.212354,  -0.973997
   11685,   0.030703,   0.218702,  -0.968870
   11701,   0.027406,   0.216383,  -0.964842
   11717,   0.026552,   0.221388,  -0.969359
   11732,   0.027162,   0.210767,  -0.971800
   11748,   0.030458,   0.218336,  -0.968138
   11764,   0.025453,   0.230788,  -0.958738
   11779,   0.027895,   0.239334,  -0.954709
   11795,   0.026186,   0.229201,  -0.963865
   11810,   0.030703,   0.214308,  -0.967283
   11826,   0.026674,   0.190136,  -0.973021
   11842,   0.034487,   0.202954,  -0.975096
   11857,   0.032290,   0.210401,  -0.974486
   11873,   0.030825,   0.200635,  -0.973509
   11889,   0.030947,   0.213575,  -0.969236
   11904,   0.027895,   0.214185,  -0.965086
   11920,   0.028871,   0.231276,  -0.965696
   11935,   0.031679,   0.227614,  -0.960325
   11951,   0.028871,   0.212110,  -0.969114
   11967,   0.028871,   0.206495,  -0.963010
   11982,   0.029726,   0.212843,  -0.969359
   11998,   0.031923,   0.221388,  -0.966673
   12014,   0.028627,   0.215528,  -0.964231
   12029,   0.033999,   0.208814,  -0.976317
   12045,   0.028139,   0.195385,  -0.971434
   12060,   0.032167,   0.201611,  -0.972410
   12076,   0.030458,   0.219191,  -0.964475
   12092,   0.030336,   0.219801,  -0.965452
   12107,   0.030581,   0.218214,  -0.965940
   12123,   0.030581,   0.215162,  -0.967405
   12139,   0.027284,   0.211500,  -0.975096
   12154,   0.030825,   0.198071,  -0.976805
   12170,   0.031191,   0.198071,  -0.971678
   12186,   0.027284,   0.197827,  -0.971190
   12201,   0.029970,   0.206128,  -0.970457
   12218,   0.029360,   0.218336,  -0.963133
   12232,   0.028993,   0.227858,  -0.964109
   12248,   0.030214,   0.228346,  -0.961668
   12264,   0.031313,   0.230788,  -0.961912
   12279,   0.030458,   0.224928,  -0.965940
   12295,   0.027773,   0.223463,  -0.964475
   12311,   0.031069,   0.213087,  -0.971190
   12326,   0.025453,   0.217359,  -0.968016
   12342,   0.025575,   0.212843,  -0.966551
   12357,   0.029604,   0.206006,  -0.972410
   12373,   0.028871,   0.202588,  -0.972777
   12389,   0.028505,   0.222487,  -0.954099
   12406,   0.030214,   0.230422,  -0.964231
   12420,   0.030825,   0.222121,  -0.962034
   12435,   0.033510,   0.225294,  -0.968016
   12451,   0.029238,   0.212354,  -0.967039
   12467,   0.029116,   0.204419,  -0.974974
   12482,   0.031679,   0.208570,  -0.969481
   12498,   0.029604,   0.222975,  -0.968016
   12514,   0.031923,   0.225172,  -0.964353
   12529,   0.028993,   0.229201,  -0.966673
   12545,   0.031069,   0.226515,  -0.962522
   12561,   0.027529,   0.221022,  -0.964353
   12576,   0.026308,   0.216627,  -0.976073
   12592,   0.032778,   0.223463,  -0.963499
   12607,   0.029726,   0.224684,  -0.958005
   12623,   0.031435,   0.225294,  -0.967405
   12639,   0.026796,   0.213941,  -0.966551
   12654,   0.028993,   0.221144,  -0.965940
   12670,   0.030825,   0.222853,  -0.972166
   12685,   0.028627,   0.228957,  -0.964720
   12701,   0.031923,   0.228224,  -0.961668
   12717,   0.025819,   0.218214,  -0.962034
   12732,   0.030214,   0.222975,  -0.972044
   12748,   0.027040,   0.219313,  -0.962766
   12764,   0.029360,   0.224562,  -0.962156
   12779,   0.031801,   0.234572,  -0.962034
   12795,   0.029482,   0.235549,  -0.966184
   12810,   0.027284,   0.231398,  -0.963010
   12826,   0.031923,   0.226027,  -0.966062
   12842,   0.032167,   0.224684,  -0.970945
   12857,   0.032778,   0.224806,  -0.968748
   12873,   0.028139,   0.232009,  -0.959226
   12889,   0.027040,   0.233352,  -0.960203
   12904,   0.028505,   0.225661,  -0.963865
   12920,   0.027529,   0.229323,  -0.967283
   12935,   0.029116,   0.222487,  -0.969969
   12951,   0.033388,   0.220411,  -0.968748
   12967,   0.027651,   0.219801,  -0.973021
   12982,   0.026430,   0.213331,  -0.972166
   12998,   0.029726,   0.215772,  -0.973387
   13014,   0.027773,   0.230788,  -0.963743
   13029,   0.027162,   0.255936,  -0.954343
   13045,   0.031069,   0.251663,  -0.955686
   13060,   0.030092,   0.240188,  -0.959836
   13076,   0.029360,   0.215040,  -0.969481
   13092,   0.025209,   0.208204,  -0.966795
   13108,   0.032167,   0.202466,  -0.978758
   13124,   0.025941,   0.192578,  -0.968260
   13139,   0.030581,   0.198437,  -0.981933
   13154,   0.029848,   0.208692,  -0.969236
   13170,   0.028139,   0.217481,  -0.970823
   13186,   0.033388,   0.229323,  -0.967161
   13201,   0.025575,   0.229079,  -0.958371
   13218,   0.029848,   0.227492,  -0.961301
   13232,   0.030581,   0.231032,  -0.967894
   13249,   0.029482,   0.243728,  -0.961423
   13264,   0.031801,   0.235915,  -0.962400
   13279,   0.024843,   0.224562,  -0.969603
   13295,   0.027773,   0.206372,  -0.970579
   13310,   0.029726,   0.205274,  -0.972410
   13326,   0.031923,   0.209424,  -0.967161
   13342,   0.027040,   0.229323,  -0.965696
   13357,   0.028017,   0.238357,  -0.964720
   13373,   0.023256,   0.233840,  -0.962156
   13389,   0.032412,   0.228102,  -0.969114
   13404,   0.027651,   0.222365,  -0.965696
   13420,   0.028871,   0.228102,  -0.967771
   13436,   0.029970,   0.234084,  -0.962278
   13451,   0.032900,   0.237136,  -0.958616
   13467,   0.028383,   0.232985,  -0.966062
   13482,   0.028871,   0.228713,  -0.968870
   13498,   0.028627,   0.210523,  -0.969603
   13514,   0.028261,   0.214796,  -0.971556
   13529,   0.025941,   0.216139,  -0.971068
   13545,   0.027651,   0.219557,  -0.963621
   13561,   0.028505,   0.233718,  -0.964964
   13576,   0.025819,   0.228224,  -0.962034
   13592,   0.028383,   0.226027,  -0.967894
   13607,   0.030458,   0.231154,  -0.968138
   13623,   0.031801,   0.233230,  -0.963987
   13639,   0.026308,   0.227980,  -0.963865
   13654,   0.028261,   0.223097,  -0.965574
   13670,   0.032778,   0.222243,  -0.972044
   13686,   0.026186,   0.223097,  -0.966551
   13701,   0.032045,   0.227736,  -0.968992
   13717,   0.030947,   0.228713,  -0.962278
   13732,   0.023378,   0.233107,  -0.954343
   13748,   0.026552,   0.230910,  -0.961057
   13764,   0.032045,   0.221754,  -0.968748
   13780,   0.031313,   0.222243,  -0.966551
   13795,   0.031069,   0.216261,  -0.975584
   13811,   0.029848,   0.231032,  -0.969603
   13826,   0.031679,   0.240188,  -0.960447
   13842,   0.028871,   0.235915,  -0.961546
   13857,   0.033632,   0.224440,  -0.965696
   13873,   0.027773,   0.219313,  -0.960691
   13889,   0.031923,   0.224806,  -0.968626
   13904,   0.030581,   0.234572,  -0.963377
   13920,   0.031801,   0.222975,  -0.966429
   13936,   0.026796,   0.221876,  -0.968382
   13951,   0.032656,   0.215040,  -0.971678
   13967,   0.029726,   0.223708,  -0.969725
   13982,   0.031435,   0.229567,  -0.965696
   13998,   0.032534,   0.234084,  -0.958005
   14014,   0.028505,   0.234206,  -0.964842
   14029,   0.030458,   0.229567,  -0.968626
   14045,   0.027040,   0.230544,  -0.967894
   14061,   0.030214,   0.229811,  -0.963255
   14076,   0.030703,   0.232497,  -0.970701
   14092,   0.027651,   0.224440,  -0.967527
   14107,   0.030581,   0.228224,  -0.965696
   14123,   0.027895,   0.228224,  -0.968260
   14139,   0.026796,   0.224684,  -0.961912
   14154,   0.028627,   0.231887,  -0.967161
   14170,   0.025941,   0.231643,  -0.962522
   14186,   0.027895,   0.222365,  -0.965940
   14201,   0.029116,   0.222853,  -0.965330
   14218,   0.028871,   0.222975,  -0.965818
   14233,   0.029726,   0.239578,  -0.967039
   14248,   0.028871,   0.239700,  -0.961912
   14264,   0.027895,   0.235793,  -0.962888
   14279,   0.031679,   0.229567,  -0.968870
   14295,   0.027162,   0.238967,  -0.963010
   14311,   0.029604,   0.237380,  -0.954953
   14326,   0.033022,   0.236648,  -0.966673
   14342,   0.030214,   0.236159,  -0.961546
   14357,   0.028261,   0.227858,  -0.968504
   14373,   0.027773,   0.218458,  -0.971678
   14389,   0.031801,   0.217726,  -0.970701
   14404,   0.028139,   0.220411,  -0.967161
   14421,   0.028383,   0.241531,  -0.963621
   14436,   0.032290,   0.250809,  -0.960813
   14451,   0.030092,   0.254105,  -0.955930
   14467,   0.031435,   0.253983,  -0.958005
   14483,   0.029360,   0.236282,  -0.962278
   14498,   0.030214,   0.234206,  -0.968016
   14514,   0.032534,   0.231765,  -0.967283
   14529,   0.029726,   0.226027,  -0.965574
   14545,   0.031801,   0.236648,  -0.963743
   14561,   0.028505,   0.240554,  -0.961057
   14576,   0.027162,   0.233107,  -0.961423
   14592,   0.029604,   0.217604,  -0.968260
   14608,   0.028749,   0.230788,  -0.965330
   14623,   0.030214,   0.235061,  -0.964597
   14639,   0.025331,   0.240188,  -0.963133
   14654,   0.031679,   0.237136,  -0.961546
   14670,   0.026796,   0.236159,  -0.959592
   14686,   0.028505,   0.238845,  -0.960081
   14701,   0.030214,   0.239700,  -0.968016
   14717,   0.029848,   0.228957,  -0.965940
   14732,   0.027284,   0.226882,  -0.960203
   14748,   0.029238,   0.229323,  -0.967161
   14764,   0.027773,   0.238601,  -0.959958
   14779,   0.031435,   0.248001,  -0.957883
   14795,   0.027773,   0.241897,  -0.957883
   14811,   0.026796,   0.237258,  -0.961912
   14826,   0.026430,   0.231643,  -0.961057
   14843,   0.028505,   0.227370,  -0.961057
   14859,   0.030947,   0.236404,  -0.966184
   14873,   0.028139,   0.236282,  -0.959104
   14889,   0.030092,   0.232741,  -0.966429
   14904,   0.026918,   0.233474,  -0.962400
   14920,   0.029970,   0.236892,  -0.968138
   14936,   0.034121,   0.242752,  -0.965452
   14951,   0.030703,   0.245682,  -0.955930
   14967,   0.031313,   0.245315,  -0.959470
   14983,   0.028627,   0.237136,  -0.963255
   14998,   0.029116,   0.221510,  -0.971556
   15014,   0.030581,   0.227614,  -0.966307
   15029,   0.033022,   0.273149,  -0.950803
   15045,   0.029116,   0.234694,  -0.960813
   15061,   0.027773,   0.228591,  -0.966917
   15076,   0.026674,   0.229201,  -0.962766
   15092,   0.026064,   0.228835,  -0.964842
   15108,   0.033266,   0.234084,  -0.967283
   15123,   0.028871,   0.231521,  -0.967527
   15139,   0.034853,   0.233840,  -0.969236
   15154,   0.028383,   0.236404,  -0.965452
   15170,   0.029726,   0.243728,  -0.959836
   15186,   0.028627,   0.241775,  -0.961423
   15201,   0.026674,   0.237991,  -0.963499
   15218,   0.029726,   0.226393,  -0.966673
   15232,   0.027773,   0.225172,  -0.965208
   15248,   0.029116,   0.226759,  -0.967161
   15264,   0.028383,   0.224684,  -0.959592
   15280,   0.029848,   0.230300,  -0.966184
   15295,   0.030214,   0.230544,  -0.968870
   15311,   0.028627,   0.218946,  -0.961423
   15326,   0.030336,   0.224440,  -0.969359
   15342,   0.028749,   0.226149,  -0.963255
   15357,   0.024110,   0.234084,  -0.962522
   15374,   0.029970,   0.243362,  -0.962888
   15389,   0.027040,   0.245682,  -0.956662
   15405,   0.029848,   0.243972,  -0.958738
   15420,   0.029848,   0.224440,  -0.973875
   15436,   0.031313,   0.219557,  -0.969725
   15451,   0.032534,   0.219679,  -0.973753
   15467,   0.028139,   0.231521,  -0.962278
   15483,   0.034853,   0.229567,  -0.967771
   15498,   0.031069,   0.234694,  -0.967649
   15514,   0.027284,   0.229445,  -0.966917
   15529,   0.032290,   0.233230,  -0.967527
   15545,   0.027406,   0.240798,  -0.961546
   15561,   0.026918,   0.244094,  -0.963255
   15576,   0.029848,   0.231154,  -0.960813
   15592,   0.029238,   0.232497,  -0.967649
   15608,   0.025575,   0.239578,  -0.964109
   15623,   0.031069,   0.236037,  -0.959714
   15639,   0.027040,   0.236282,  -0.962644
   15654,   0.027773,   0.234572,  -0.961179
   15670,   0.029604,   0.236404,  -0.967283
   15686,   0.027040,   0.235183,  -0.961423
   15701,   0.029848,   0.238357,  -0.964231
   15717,   0.028993,   0.237014,  -0.963621
   15733,   0.029482,   0.236770,  -0.971800
   15748,   0.032167,   0.229201,  -0.967649
   15764,   0.031435,   0.230666,  -0.969114
   15779,   0.029360,   0.236159,  -0.960935
   15795,   0.031923,   0.249466,  -0.959470
   15811,   0.029238,   0.248733,  -0.957761
   15826,   0.031435,   0.242996,  -0.961546
   15842,   0.030336,   0.224928,  -0.966429
   15858,   0.028871,   0.232375,  -0.972899
   15873,   0.030092,   0.227492,  -0.963621
   15889,   0.026796,   0.236159,  -0.963255
   15905,   0.033266,   0.235671,  -0.968016
   15920,   0.028383,   0.231765,  -0.962278
   15936,   0.031923,   0.242507,  -0.963133
   15951,   0.030825,   0.241287,  -0.954343
   15967,   0.029238,   0.244583,  -0.957395
   15983,   0.028749,   0.229567,  -0.965574
   15998,   0.026796,   0.215406,  -0.967771
   16014,   0.027162,   0.223097,  -0.966062
   16030,   0.030825,   0.232009,  -0.966307
   16045,   0.030458,   0.242385,  -0.959470
   16061,   0.025087,   0.246414,  -0.959592
   16076,   0.027529,   0.232009,  -0.962888
   16092,   0.025941,   0.233230,  -0.964353
   16108,   0.027895,   0.232741,  -0.967649
   16123,   0.031191,   0.225661,  -0.967894
   16139,   0.028627,   0.224074,  -0.971068
   16154,   0.028383,   0.223952,  -0.967161
   16171,   0.031191,   0.240798,  -0.957761
   16186,   0.032656,   0.246780,  -0.960691
   16201,   0.029238,   0.242141,  -0.959592
   16218,   0.029482,   0.227736,  -0.966673
   16233,   0.031801,   0.244705,  -0.957273
   16248,   0.030092,   0.237502,  -0.962156
   16264,   0.026918,   0.236404,  -0.965574
   16280,   0.024965,   0.225172,  -0.964353
   16296,   0.027651,   0.222975,  -0.962888
   16311,   0.032290,   0.237136,  -0.965940
   16326,   0.027895,   0.244339,  -0.961912
   16342,   0.031801,   0.242141,  -0.962278
   16358,   0.029726,   0.245804,  -0.960691
   16373,   0.028383,   0.236526,  -0.959104
   16389,   0.033999,   0.228591,  -0.965818
   16405,   0.030336,   0.226759,  -0.973509
   16421,   0.025697,   0.221388,  -0.966673
   16436,   0.028139,   0.229445,  -0.960203
   16451,   0.030458,   0.238601,  -0.961912
   16467,   0.030581,   0.240432,  -0.964475
   16483,   0.027773,   0.244705,  -0.957151
   16498,   0.029116,   0.242507,  -0.965940
   16514,   0.030825,   0.233474,  -0.966307
   16530,   0.031435,   0.235671,  -0.966673
   16545,   0.028993,   0.239944,  -0.965086
   16561,   0.027406,   0.245193,  -0.957517
   16576,   0.027162,   0.238845,  -0.960935
   16592,   0.034121,   0.232009,  -0.965208
   16608,   0.026796,   0.233840,  -0.963010
   16623,   0.028871,   0.234817,  -0.963865
   16639,   0.028383,   0.237136,  -0.963377
   16654,   0.030336,   0.239700,  -0.963621
   16670,   0.031435,   0.245559,  -0.967527
   16686,   0.027162,   0.236770,  -0.965452
   16701,   0.029116,   0.232375,  -0.962888
   16717,   0.028627,   0.234206,  -0.968016
   16733,   0.027651,   0.232375,  -0.965452
   16748,   0.033999,   0.230300,  -0.972533
   16764,   0.029970,   0.233474,  -0.966184
   16779,   0.031679,   0.235793,  -0.964720
   16795,   0.029970,   0.231887,  -0.963865
   16811,   0.027162,   0.230422,  -0.965818
   16826,   0.029482,   0.229689,  -0.960203
   16842,   0.029848,   0.245071,  -0.954831
   16858,   0.027040,   0.243362,  -0.961546
   16873,   0.028505,   0.236526,  -0.958738
   16889,   0.026308,   0.233230,  -0.966429
   16905,   0.029604,   0.233107,  -0.964597
   16920,   0.029604,   0.236404,  -0.969603
   16936,   0.028383,   0.236892,  -0.969481
   16951,   0.029726,   0.244705,  -0.961912
   16968,   0.026674,   0.241653,  -0.962156
   16983,   0.029482,   0.243728,  -0.960691
   16998,   0.029848,   0.236404,  -0.962766
   17014,   0.032778,   0.237991,  -0.964842
   17030,   0.028139,   0.235915,  -0.960447
   17045,   0.029604,   0.243850,  -0.965696
   17061,   0.029482,   0.242385,  -0.960569
   17076,   0.028993,   0.244217,  -0.962400
   17092,   0.030947,   0.240432,  -0.960935
   17108,   0.029360,   0.240798,  -0.960691
   17123,   0.029360,   0.246536,  -0.959836
   17139,   0.033022,   0.239456,  -0.967527
   17155,   0.028017,   0.236282,  -0.960813
   17171,   0.028871,   0.234572,  -0.963621
   17186,   0.029848,   0.245559,  -0.960813
   17201,   0.027651,   0.249466,  -0.963010
   17218,   0.031801,   0.242019,  -0.963255
   17233,   0.030947,   0.238845,  -0.962400
